Handle,Title,Body (HTML),Vendor,Product Category,Type,Tags,Published,Option1 Name,Option1 Value,Option1 Linked To,Option2 Name,Option2 Value,Option2 Linked To,Option3 Name,Option3 Value,Option3 Linked To,Variant SKU,Variant Grams,Variant Inventory Tracker,Variant Inventory Qty,Variant Inventory Policy,Variant Fulfillment Service,Variant Price,Variant Compare At Price,Variant Requires Shipping,Variant Taxable,Unit Price Total Measure,Unit Price Total Measure Unit,Unit Price Base Measure,Unit Price Base Measure Unit,Variant Barcodes,Image Src,Image Position,Image Alt Text,Gift Card,SEO Title,SEO Description,Variant Image,Variant Weight Unit,Variant Tax Code,Cost per item,Status
chiba-3030424-cycling,CHIBA Pure Race II 純競速 II 自行車手套,"<div class=""chiba-product-description""><p><strong>CHIBA Pure Race II 純競速 II 自行車手套</strong></p><p>德國百年專業製造，競速破風專用設計。採用 Econyl 環保再生材質、Clima 03 散熱透氣科技與輕量透氣掌墊，具備頂級抓握控制力與排汗效能。</p><ul><li>材質：Econyl, Clima 03, 51052</li><li>產地：德國原裝正品進口</li><li>特色：快脫拉環、超輕透氣、拇指擦汗毛巾布</li></ul></div>",CHIBA GLOVES GERMANY,體育用品 > 戶外休閒 > 單車 > 單車手套,cycling,"cycling, 競速系列, 台灣公司貨",true,顏色,白色,,尺寸,XS,,,,,3030424-WHITE01-XS,0.0,shopify,2,continue,manual,1240.00,,true,true,,,,,,https://www.chibataiwan.com/assets/products/cycling/3030424-pure-race-ii/cycling__3030424__59a070af17a81d52__3030424_01_1.jpg,1,CHIBA Pure Race II 純競速 II 自行車手套,,CHIBA Pure Race II 純競速 II 自行車手套｜德國專業自行車手套,德國百年品牌 CHIBA 台灣官方直營：Pure Race II 純競速 II 自行車手套。頂級透氣競速破風款。,,kg,,,active
chiba-3030424-cycling,,,,,,,,,白色,,,S,,,,,3030424-WHITE01-S,0.0,shopify,2,continue,manual,1240.00,,true,true,,,,,,,,,,,,,kg,,,
chiba-3030424-cycling,,,,,,,,,白色,,,M,,,,,3030424-WHITE01-M,0.0,shopify,2,continue,manual,1240.00,,true,true,,,,,,,,,,,,,kg,,,
chiba-3030424-cycling,,,,,,,,,白色,,,L,,,,,3030424-WHITE01-L,0.0,shopify,2,continue,manual,1240.00,,true,true,,,,,,,,,,,,,kg,,,
chiba-3030424-cycling,,,,,,,,,白色,,,XL,,,,,3030424-WHITE01-XL,0.0,shopify,2,continue,manual,1240.00,,true,true,,,,,,,,,,,,,kg,,,
chiba-3030424-cycling,,,,,,,,,白色,,,XXL,,,,,3030424-WHITE01-XXL,0.0,shopify,2,continue,manual,1240.00,,true,true,,,,,,,,,,,,,kg,,,
chiba-3030424-cycling,,,,,,,,,黑配螢光黃,,,XS,,,,,3030424-BLACKYELLOW031-XS,0.0,shopify,2,continue,manual,1240.00,,true,true,,,,,,,,,,,,,kg,,,
chiba-3030424-cycling,,,,,,,,,黑配螢光黃,,,S,,,,,3030424-BLACKYELLOW031-S,0.0,shopify,2,continue,manual,1240.00,,true,true,,,,,,,,,,,,,kg,,,
chiba-3030424-cycling,,,,,,,,,黑配螢光黃,,,M,,,,,3030424-BLACKYELLOW031-M,0.0,shopify,2,continue,manual,1240.00,,true,true,,,,,,,,,,,,,kg,,,
chiba-3030424-cycling,,,,,,,,,黑配螢光黃,,,L,,,,,3030424-BLACKYELLOW031-L,0.0,shopify,2,continue,manual,1240.00,,true,true,,,,,,,,,,,,,kg,,,
chiba-3030424-cycling,,,,,,,,,黑配螢光黃,,,XL,,,,,3030424-BLACKYELLOW031-XL,0.0,shopify,2,continue,manual,1240.00,,true,true,,,,,,,,,,,,,kg,,,
chiba-3030424-cycling,,,,,,,,,黑配螢光黃,,,XXL,,,,,3030424-BLACKYELLOW031-XXL,0.0,shopify,2,continue,manual,1240.00,,true,true,,,,,,,,,,,,,kg,,,
chiba-3030424-cycling,,,,,,,,,紅色,,,XS,,,,,3030424-RED04-XS,0.0,shopify,2,continue,manual,1240.00,,true,true,,,,,,,,,,,,,kg,,,
chiba-3030424-cycling,,,,,,,,,紅色,,,S,,,,,3030424-RED04-S,0.0,shopify,2,continue,manual,1240.00,,true,true,,,,,,,,,,,,,kg,,,
chiba-3030424-cycling,,,,,,,,,紅色,,,M,,,,,3030424-RED04-M,0.0,shopify,2,continue,manual,1240.00,,true,true,,,,,,,,,,,,,kg,,,
chiba-3030424-cycling,,,,,,,,,紅色,,,L,,,,,3030424-RED04-L,0.0,shopify,2,continue,manual,1240.00,,true,true,,,,,,,,,,,,,kg,,,
chiba-3030424-cycling,,,,,,,,,紅色,,,XL,,,,,3030424-RED04-XL,0.0,shopify,2,continue,manual,1240.00,,true,true,,,,,,,,,,,,,kg,,,
chiba-3030424-cycling,,,,,,,,,紅色,,,XXL,,,,,3030424-RED04-XXL,0.0,shopify,2,continue,manual,1240.00,,true,true,,,,,,,,,,,,,kg,,,
chiba-3030424-cycling,,,,,,,,,黑色,,,XS,,,,,3030424-BLACK10-XS,0.0,shopify,2,continue,manual,1240.00,,true,true,,,,,,,,,,,,,kg,,,
chiba-3030424-cycling,,,,,,,,,黑色,,,S,,,,,3030424-BLACK10-S,0.0,shopify,2,continue,manual,1240.00,,true,true,,,,,,,,,,,,,kg,,,
chiba-3030424-cycling,,,,,,,,,黑色,,,M,,,,,3030424-BLACK10-M,0.0,shopify,2,continue,manual,1240.00,,true,true,,,,,,,,,,,,,kg,,,
chiba-3030424-cycling,,,,,,,,,黑色,,,L,,,,,3030424-BLACK10-L,0.0,shopify,2,continue,manual,1240.00,,true,true,,,,,,,,,,,,,kg,,,
chiba-3030424-cycling,,,,,,,,,黑色,,,XL,,,,,3030424-BLACK10-XL,0.0,shopify,2,continue,manual,1240.00,,true,true,,,,,,,,,,,,,kg,,,
chiba-3030424-cycling,,,,,,,,,黑色,,,XXL,,,,,3030424-BLACK10-XXL,0.0,shopify,2,continue,manual,1240.00,,true,true,,,,,,,,,,,,,kg,,,
chiba-3400018-cycling,CHIBA Retro 經典復古款自行車手套,"<div class=""chiba-product-description""><p><strong>CHIBA Retro 經典復古款自行車手套</strong></p><p>向自行車經典黃金年代致敬。採用純棉手工鉤織手背（Cotton Croched）、頂級 Clarino 防滑掌面與透氣吸汗毛巾布，完美結合復古雅痞質感與舒適騎行體驗。</p><ul><li>材質：Cotton Croched, Clarino, Terry</li><li>產地：德國原裝正品進口</li><li>特色：純棉鉤織、透氣舒適、經典復古美學</li></ul></div>",CHIBA GLOVES GERMANY,體育用品 > 戶外休閒 > 單車 > 單車手套,cycling,"cycling, 經典復古系列, 台灣公司貨",true,顏色,米配棕色,,尺寸,XS,,,,,3400018-BEIGEBROWN0222-XS,0.0,shopify,2,continue,manual,830.00,,true,true,,,,,,https://www.chibataiwan.com/assets/products/cycling/3040018-retro/beige-brown-0222/fitness__3040018__beige-brown-0222__2587e7ec888852f7__3040018-0222-1.jpg,1,CHIBA Retro 經典復古款自行車手套,,CHIBA Retro 經典復古款自行車手套｜德國經典復古自行車手套,德國百年品牌 CHIBA 台灣官方直營：Retro 經典復古款自行車手套。純棉手工鉤織、雅痞騎士首選。,,kg,,,active
chiba-3400018-cycling,,,,,,,,,米配棕色,,,S,,,,,3400018-BEIGEBROWN0222-S,0.0,shopify,2,continue,manual,830.00,,true,true,,,,,,,,,,,,,kg,,,
chiba-3400018-cycling,,,,,,,,,米配棕色,,,M,,,,,3400018-BEIGEBROWN0222-M,0.0,shopify,2,continue,manual,830.00,,true,true,,,,,,,,,,,,,kg,,,
chiba-3400018-cycling,,,,,,,,,米配棕色,,,L,,,,,3400018-BEIGEBROWN0222-L,0.0,shopify,2,continue,manual,830.00,,true,true,,,,,,,,,,,,,kg,,,
chiba-3400018-cycling,,,,,,,,,米配棕色,,,XL,,,,,3400018-BEIGEBROWN0222-XL,0.0,shopify,2,continue,manual,830.00,,true,true,,,,,,,,,,,,,kg,,,
chiba-3400018-cycling,,,,,,,,,米配棕色,,,XXL,,,,,3400018-BEIGEBROWN0222-XXL,0.0,shopify,2,continue,manual,830.00,,true,true,,,,,,,,,,,,,kg,,,
chiba-3400018-cycling,,,,,,,,,黑配棕色,,,XS,,,,,3400018-BLACKBROWN1022-XS,0.0,shopify,2,continue,manual,830.00,,true,true,,,,,,,,,,,,,kg,,,
chiba-3400018-cycling,,,,,,,,,黑配棕色,,,S,,,,,3400018-BLACKBROWN1022-S,0.0,shopify,2,continue,manual,830.00,,true,true,,,,,,,,,,,,,kg,,,
chiba-3400018-cycling,,,,,,,,,黑配棕色,,,M,,,,,3400018-BLACKBROWN1022-M,0.0,shopify,2,continue,manual,830.00,,true,true,,,,,,,,,,,,,kg,,,
chiba-3400018-cycling,,,,,,,,,黑配棕色,,,L,,,,,3400018-BLACKBROWN1022-L,0.0,shopify,2,continue,manual,830.00,,true,true,,,,,,,,,,,,,kg,,,
chiba-3400018-cycling,,,,,,,,,黑配棕色,,,XL,,,,,3400018-BLACKBROWN1022-XL,0.0,shopify,2,continue,manual,830.00,,true,true,,,,,,,,,,,,,kg,,,
chiba-3400018-cycling,,,,,,,,,黑配棕色,,,XXL,,,,,3400018-BLACKBROWN1022-XXL,0.0,shopify,2,continue,manual,830.00,,true,true,,,,,,,,,,,,,kg,,,
chiba-3030424-cycling,,,,,,,,,,,,,,,,,,,,,,,,,,,,,,,,https://www.chibataiwan.com/assets/products/cycling/3030424-pure-race-ii/cycling__3030424__f6bf4e67d542bcf2__3030424_01_2.jpg,2,CHIBA Pure Race II 純競速 II 自行車手套,,,,,,,,
chiba-3030424-cycling,,,,,,,,,,,,,,,,,,,,,,,,,,,,,,,,https://www.chibataiwan.com/assets/products/cycling/3030424-pure-race-ii/cycling__3030424__a3f2743fc626c00f__3030424_03-1_1.jpg,3,CHIBA Pure Race II 純競速 II 自行車手套,,,,,,,,
chiba-3030424-cycling,,,,,,,,,,,,,,,,,,,,,,,,,,,,,,,,https://www.chibataiwan.com/assets/products/cycling/3030424-pure-race-ii/cycling__3030424__c86c7f0bc8086527__3030424_03-1_2.jpg,4,CHIBA Pure Race II 純競速 II 自行車手套,,,,,,,,
chiba-3030424-cycling,,,,,,,,,,,,,,,,,,,,,,,,,,,,,,,,https://www.chibataiwan.com/assets/products/cycling/3030424-pure-race-ii/cycling__3030424__eefdafee6f105548__3030424_04_2.jpg,5,CHIBA Pure Race II 純競速 II 自行車手套,,,,,,,,
chiba-3030424-cycling,,,,,,,,,,,,,,,,,,,,,,,,,,,,,,,,https://www.chibataiwan.com/assets/products/cycling/3030424-pure-race-ii/cycling__3030424__f49faa9c7330e29c__3030424_10_1.jpg,6,CHIBA Pure Race II 純競速 II 自行車手套,,,,,,,,
chiba-3030424-cycling,,,,,,,,,,,,,,,,,,,,,,,,,,,,,,,,https://www.chibataiwan.com/assets/products/cycling/3030424-pure-race-ii/cycling__3030424__8e07b53be00c4249__3030424_10_2.jpg,7,CHIBA Pure Race II 純競速 II 自行車手套,,,,,,,,
chiba-3030424-cycling,,,,,,,,,,,,,,,,,,,,,,,,,,,,,,,,https://www.chibataiwan.com/assets/products/cycling/3030424-pure-race-ii/cycling__3030424__62343de8a99cbb04__3030424_04_1.jpg,8,CHIBA Pure Race II 純競速 II 自行車手套,,,,,,,,
chiba-3400018-cycling,,,,,,,,,,,,,,,,,,,,,,,,,,,,,,,,https://www.chibataiwan.com/assets/products/cycling/3040018-retro/beige-brown-0222/fitness__3040018__beige-brown-0222__73dfe1c926c6bb32__3040018-0222-2.jpg,2,CHIBA Retro 經典復古款自行車手套,,,,,,,,
chiba-3400018-cycling,,,,,,,,,,,,,,,,,,,,,,,,,,,,,,,,https://www.chibataiwan.com/assets/products/cycling/3040018-retro/black-brown-1022/fitness__3040018__black-brown-1022__7effa2cb245ad899__3040018-1022-1.jpg,3,CHIBA Retro 經典復古款自行車手套,,,,,,,,
chiba-3400018-cycling,,,,,,,,,,,,,,,,,,,,,,,,,,,,,,,,https://www.chibataiwan.com/assets/products/cycling/3040018-retro/black-brown-1022/fitness__3040018__black-brown-1022__134d3196f3cffc44__3040018-1022-2.jpg,4,CHIBA Retro 經典復古款自行車手套,,,,,,,,
